Company Name,Average Rating,Review Count,Website URL,Other Details
monday CRM,4.7,407,N/A,N/A
Salesforce Sales Cloud,4.4,18855,N/A,N/A
Less Annoying CRM,4.8,633,N/A,N/A
Pipedrive,4.5,3053,N/A,N/A
Clio,4.7,1677,N/A,N/A
Zoho CRM,4.3,6957,N/A,N/A
VanillaSoft,4.6,162,N/A,N/A
NetSuite,4.2,1754,N/A,N/A
Salesforce Starter,4.4,211,N/A,N/A
Constant Contact,4.3,2883,N/A,N/A
HubSpot CRM,4.5,4387,N/A,N/A
Bitrix24,4.2,955,N/A,N/A
HoneyBook,4.7,659,N/A,N/A
Brevo,4.6,2964,N/A,N/A
Odoo,4.2,1248,N/A,N/A
Bigin by Zoho CRM,4.7,660,N/A,N/A
Law Ruler Software,4.8,44,N/A,N/A
InfoFlo,4.5,95,N/A,N/A
Creatio CRM,4.7,125,N/A,N/A
LiveAgent,4.7,1704,N/A,N/A
JobNimbus,4.6,480,N/A,N/A
Daylite for Mac,4.6,363,N/A,N/A
Capsule,4.5,167,N/A,N/A
FURIOUS,4.3,84,N/A,N/A
Copper,4.4,622,N/A,N/A
