Product Name,G2 Profile Link,Average Rating,Review Count,Company Website URL,Other Details
HubSpot Marketing Hub,https://www.g2.com/products/hubspot-marketing-hub/reviews,4.4,"12,547",https://www.HubSpot.com,N/A
Insider,https://www.g2.com/products/insider/reviews,4.8,"1,117",https://www.useinsider.com,N/A
ActiveCampaign,https://www.g2.com/products/activecampaign/reviews,4.5,"14,005",https://www.activecampaign.com,N/A
Braze,https://www.g2.com/products/braze/reviews,4.5,"1,169",https://www.braze.com,N/A
Intuit Mailchimp All-in-One Marketing Platform,https://www.g2.com/products/intuit-mailchimp-all-in-one-marketing-platform/reviews,4.4,"5,286",https://mailchimp.com,N/A
HighLevel,https://www.g2.com/products/highlevel/reviews,4.6,468,https://gohighlevel.com,N/A
Thryv,https://www.g2.com/products/thryv/reviews,4.6,415,https://Thryv.com,N/A
Dotdigital,https://www.g2.com/products/dotdigital/reviews,4.3,"1,027",https://www.dotdigital.com,N/A
CleverTap,https://www.g2.com/products/clevertap/reviews,4.6,608,https://clevertap.com/,N/A
Customer.io,https://www.g2.com/products/customer-io/reviews,4.4,520,https://customer.io/,N/A
Iterable,https://www.g2.com/products/iterable/reviews,4.4,669,https://www.iterable.com,N/A
Adobe Marketo Engage,https://www.g2.com/products/adobe-marketo-engage/reviews,4.1,"2,947",https://adobe.com,N/A
Bloomreach,https://www.g2.com/products/bloomreach-bloomreach/reviews,4.6,668,https://www.bloomreach.com,N/A
